username,password_hash
alice_sec,e76358af4fea0099e38b1aa50ad6e2c133752ae4ec0c3038b1f40dc6bb8919a08bacaf6bc9432998168ff3810d6e566f753f37412528f1b201dcf512861cb938
bob_admin,8a145562ab337214c1ce2063e1ff6975dfd79626813171d6a970fb65a26b6fff80ebfff3d6d6a20065b584b0e0dd24be9f56837b1e83e466057246da250be228
charlie_dev,93d8aa9d1531a9d14650865c03923b0b78d48b72e9c0f3233ed9e78c33cadbb4ebadede3f19fc6f4334198343e7ef8aa9171c68d4a91a07e06d07485cc952b2b
diana_analyst,23d3352e9f44bb6b08f231402fa17e61c30c7e8caf8dd7eb0aa0857035565a123e25e3ecec4cc044d302d2a7bfe15033bed5e823ab9d2517cb6a78dfe1ac2d7e
edward_net,e865ec44fbe406736fbee50a9bdaf91b78648d37b2e8545b30040382e7977d35eeda2725712fea692885b3ce0a415610e9c95f8f4475ee3dbfc5a9878b3992cd
fiona_audit,90642cd80f3af16cc407c399053a8f5161e883a68ef83149ce3100f2cb2f471b0ca367803210889cda77da425430c6981bc0ab7115cfc6b94a5b7663dab7b78d
george_soc,e923dccc4277c0bbdbe3c525c00a5f3a39eb1bff59031688fc4e42f16fac9460dba197fdd56db52171c74ba49aaa5489b4b487859d782d1754ec210920dd7162
helen_cloud,4c948a940e0ff112046d1190725bf5656c37cf5aca6d1748123028dd02eaaf483f6ed5e19f903ac910deba56e8602ce52acb80c4de28cfc66668db7b59f0961f
ian_crypto,e4e06a46fe209cf2f185090cbc75a5f9b81724aabd3431a3ef51d9670a00ade79ec57e49be200a98b9b5340b9fbea2ec4f803b304e916a70d9f6482885a48856
julia_test,ec00efbef6121f0616f441b40b10f82f422f01db1ec3c326146116787a3cb2888e553b904b98c9cedf20b26bcace42bb2eb5755c8a256ffe7b086da92a56d91d
